{"$schema":"http://schema.management.azure.com/schemas/2015-01-01/deploymentTemplate.json#","contentVersion":"1.0.0.0","parameters":{"factoryName":{"type":"string","metadata":"Data Factory name"},"AzureBlobStorage2":{"type":"string"},"ls_HttpServer":{"type":"string"},"LinkedServiceDataLakeGen2":{"type":"string"}},"variables":{"factoryId":"[concat('Microsoft.DataFactory/factories/', parameters('factoryName'))]"},"resources":[{"name":"[concat(parameters('factoryName'), '/pl_ingest_ecdc_data')]","type":"Microsoft.DataFactory/factories/pipelines","apiVersion":"2018-06-01","properties":{"activities":[{"name":"Lookup in file list for data","description":"This will lookup into the data in file","type":"Lookup","dependsOn":[],"policy":{"timeout":"0.12:00:00","retry":0,"retryIntervalInSeconds":30,"secureOutput":false,"secureInput":false},"userProperties":[],"typeProperties":{"source":{"type":"JsonSource","storeSettings":{"type":"AzureBlobStorageReadSettings","recursive":true,"enablePartitionDiscovery":false},"formatSettings":{"type":"JsonReadSettings"}},"dataset":{"referenceName":"json_file_list","type":"DatasetReference","parameters":{}},"firstRowOnly":false}},{"name":"ForEach iteration","type":"ForEach","dependsOn":[{"activity":"Lookup in file list for data","dependencyConditions":["Succeeded"]}],"userProperties":[],"typeProperties":{"items":{"value":"@activity('Lookup in file list for data').output.value","type":"Expression"},"isSequential":true,"activities":[{"name":"Copy data from github to data lake","type":"Copy","dependsOn":[],"policy":{"timeout":"0.12:00:00","retry":0,"retryIntervalInSeconds":30,"secureOutput":false,"secureInput":false},"userProperties":[],"typeProperties":{"source":{"type":"DelimitedTextSource","storeSettings":{"type":"HttpReadSettings","requestMethod":"GET"},"formatSettings":{"type":"DelimitedTextReadSettings"}},"sink":{"type":"DelimitedTextSink","storeSettings":{"type":"AzureBlobFSWriteSettings"},"formatSettings":{"type":"DelimitedTextWriteSettings","quoteAllText":true,"fileExtension":".txt"}},"enableStaging":false,"translator":{"type":"TabularTranslator","typeConversion":true,"typeConversionSettings":{"allowDataTruncation":true,"treatBooleanAsNumber":false}}},"inputs":[{"referenceName":"ds_ecdc_raw_csv_http","type":"DatasetReference","parameters":{"relativeURL":{"value":"@item().sourceRelativeURL","type":"Expression"}}}],"outputs":[{"referenceName":"ds_ecdc_raw_csv_dl","type":"DatasetReference","parameters":{"fileName":{"value":"@item().sinkFileName","type":"Expression"}}}]}]}}],"policy":{"elapsedTimeMetric":{},"cancelAfter":{}},"variables":{"sourceRelativeURL":{"type":"String","defaultValue":"/loveleenverma/covid19/raw/main/ecdc_data/hospital_admissions.csv"},"sinkFileName":{"type":"String","defaultValue":"hospital_admissions.csv"}},"annotations":[]},"dependsOn":["[concat(variables('factoryId'), '/datasets/json_file_list')]","[concat(variables('factoryId'), '/datasets/ds_ecdc_raw_csv_http')]","[concat(variables('factoryId'), '/datasets/ds_ecdc_raw_csv_dl')]"]},{"name":"[concat(parameters('factoryName'), '/json_file_list')]","type":"Microsoft.DataFactory/factories/datasets","apiVersion":"2018-06-01","properties":{"linkedServiceName":{"referenceName":"[parameters('AzureBlobStorage2')]","type":"LinkedServiceReference"},"annotations":[],"type":"Json","typeProperties":{"location":{"type":"AzureBlobStorageLocation","fileName":"url and file name.json","container":"population"}},"schema":{}},"dependsOn":[]},{"name":"[concat(parameters('factoryName'), '/ds_ecdc_raw_csv_http')]","type":"Microsoft.DataFactory/factories/datasets","apiVersion":"2018-06-01","properties":{"linkedServiceName":{"referenceName":"[parameters('ls_HttpServer')]","type":"LinkedServiceReference"},"parameters":{"relativeURL":{"type":"string"}},"annotations":[],"type":"DelimitedText","typeProperties":{"location":{"type":"HttpServerLocation","relativeUrl":{"value":"@dataset().relativeURL","type":"Expression"}},"columnDelimiter":",","rowDelimiter":"\n","escapeChar":"\\","firstRowAsHeader":false,"quoteChar":null},"schema":[]},"dependsOn":[]},{"name":"[concat(parameters('factoryName'), '/ds_ecdc_raw_csv_dl')]","type":"Microsoft.DataFactory/factories/datasets","apiVersion":"2018-06-01","properties":{"linkedServiceName":{"referenceName":"[parameters('LinkedServiceDataLakeGen2')]","type":"LinkedServiceReference"},"parameters":{"fileName":{"type":"string"}},"annotations":[],"type":"DelimitedText","typeProperties":{"location":{"type":"AzureBlobFSLocation","fileName":{"value":"@dataset().fileName","type":"Expression"},"folderPath":"ecdc","fileSystem":"raw"},"columnDelimiter":",","escapeChar":"\\","firstRowAsHeader":true,"quoteChar":"\""},"schema":[]},"dependsOn":[]}]}